{
  "Total" : {
    "transaction" : "Total",
    "sampleCount" : 100,
    "errorCount" : 50,
    "errorPct" : 50.0,
    "meanResTime" : 59.04999999999998,
    "medianResTime" : 46.5,
    "minResTime" : 2.0,
    "maxResTime" : 210.0,
    "pct1ResTime" : 151.20000000000005,
    "pct2ResTime" : 177.24999999999983,
    "pct3ResTime" : 209.82999999999993,
    "throughput" : 121.35922330097088,
    "receivedKBytesPerSec" : 17.362427942961165,
    "sentKBytesPerSec" : 25.4712151092233
  },
  "HTTP Request" : {
    "transaction" : "HTTP Request",
    "sampleCount" : 100,
    "errorCount" : 50,
    "errorPct" : 50.0,
    "meanResTime" : 59.04999999999998,
    "medianResTime" : 46.5,
    "minResTime" : 2.0,
    "maxResTime" : 210.0,
    "pct1ResTime" : 151.20000000000005,
    "pct2ResTime" : 177.24999999999983,
    "pct3ResTime" : 209.82999999999993,
    "throughput" : 121.35922330097088,
    "receivedKBytesPerSec" : 17.362427942961165,
    "sentKBytesPerSec" : 25.4712151092233
  }
}